{
  "project_info": {
    "project_number": "820965235480",
    "firebase_url": "https://calcetto-app-6939e.firebaseio.com",
    "project_id": "calcetto-app-6939e",
    "storage_bucket": "calcetto-app-6939e.appspot.com"
  },
  "client": [
    {
      "client_info": {
        "mobilesdk_app_id": "1:820965235480:android:53c74d841052dc5ce69c6d",
        "android_client_info": {
          "package_name": "com.mcafi.calcetto"
        }
      },
      "oauth_client": [
        {
          "client_id": "820965235480-k89m5i6dfldseojsle3nlghj63dsu8i2.apps.googleusercontent.com",
          "client_type": 1,
          "android_info": {
            "package_name": "com.mcafi.calcetto",
            "certificate_hash": "def49f5987e5ac5cb7ce208a7f5eb368828637fc"
          }
        },
        {
          "client_id": "820965235480-kbljjs09kge8tk5id869tarabm1baqdf.apps.googleusercontent.com",
          "client_type": 1,
          "android_info": {
            "package_name": "com.mcafi.calcetto",
            "certificate_hash": "5c82a4dc6d8ebc6f3c09488af0be70b0e160fa22"
          }
        },
        {
          "client_id": "820965235480-dlp5ou38nlntmb268vf6kuii1bfg9t4h.apps.googleusercontent.com",
          "client_type": 1,
          "android_info": {
            "package_name": "com.mcafi.calcetto",
            "certificate_hash": "12604c1e538c3e49640632d31226fed32e9528a5"
          }
        },
        {
          "client_id": "820965235480-gdacanhpqb0php9svgs3og9bghjadpnf.apps.googleusercontent.com",
          "client_type": 1,
          "android_info": {
            "package_name": "com.mcafi.calcetto",
            "certificate_hash": "fe690850839d13f86805bad340799418b4407222"
          }
        },
        {
          "client_id": "820965235480-0k6sl4jfogse5jqqlcnpmftfrn5ulff6.apps.googleusercontent.com",
          "client_type": 1,
          "android_info": {
            "package_name": "com.mcafi.calcetto",
            "certificate_hash": "119ede7ccdbc436e5043228e184f810a65d5f42f"
          }
        },
        {
          "client_id": "820965235480-39akoss2c0s643iplvjs7dsjpeuh9ju1.apps.googleusercontent.com",
          "client_type": 3
        }
      ],
      "api_key": [
        {
          "current_key": "AIzaSyBp3h9XWB8VyA-TCR453mglhoFbkeQS-I4"
        }
      ],
      "services": {
        "appinvite_service": {
          "other_platform_oauth_client": [
            {
              "client_id": "820965235480-39akoss2c0s643iplvjs7dsjpeuh9ju1.apps.googleusercontent.com",
              "client_type": 3
            }
          ]
        }
      }
    }
  ],
  "configuration_version": "1"
}